Behavior,Fly,Duration (s),Start_Frame,End_Frame,Start_Time (mm:ss),End_Time (mm:ss)
WingExt,Fly 1 (Female),0.1,20,22,00:01,00:01
WingExt,Fly 0 (Male),0.133,29,32,00:01,00:01
WingExt,Fly 1 (Female),0.1,42,44,00:01,00:01
WingExt,Fly 0 (Male),0.1,54,56,00:02,00:02
WingExt,Fly 0 (Male),0.133,59,62,00:02,00:02
Circling,Fly 0 (Male),0.4,59,70,00:02,00:02
WingExt,Fly 1 (Female),0.1,61,63,00:02,00:02
Circling,Fly 0 (Male),0.467,79,92,00:03,00:03
WingExt,Fly 1 (Female),0.133,88,91,00:03,00:03
WingExt,Fly 0 (Male),0.133,130,133,00:04,00:04
WingExt,Fly 1 (Female),0.1,151,153,00:05,00:05
WingExt,Fly 1 (Female),0.133,167,170,00:06,00:06
WingExt,Fly 1 (Female),0.167,172,176,00:06,00:06
WingExt,Fly 1 (Female),0.1,215,217,00:07,00:07
WingExt,Fly 1 (Female),0.1,249,251,00:08,00:08
WingExt,Fly 0 (Male),0.133,261,264,00:09,00:09
WingExt,Fly 0 (Male),0.1,266,268,00:09,00:09
WingExt,Fly 0 (Male),0.233,302,308,00:10,00:10
WingExt,Fly 1 (Female),0.133,348,351,00:12,00:12
WingExt,Fly 1 (Female),0.133,354,357,00:12,00:12
WingExt,Fly 1 (Female),0.1,403,405,00:13,00:14
Circling,Fly 1 (Female),0.3,533,541,00:18,00:18
WingExt,Fly 0 (Male),0.133,537,540,00:18,00:18
WingExt,Fly 0 (Male),0.1,544,546,00:18,00:18
WingExt,Fly 0 (Male),0.233,550,556,00:18,00:19
WingExt,Fly 1 (Female),0.1,653,655,00:22,00:22
WingExt,Fly 1 (Female),0.1,657,659,00:22,00:22
WingExt,Fly 0 (Male),0.1,677,679,00:23,00:23
WingExt,Fly 0 (Male),0.3,681,689,00:23,00:23
WingExt,Fly 0 (Male),0.167,693,697,00:23,00:23
WingExt,Fly 1 (Female),0.1,697,699,00:23,00:23
WingExt,Fly 1 (Female),0.1,720,722,00:24,00:24
WingExt,Fly 0 (Male),0.133,750,753,00:25,00:25
WingExt,Fly 1 (Female),0.1,750,752,00:25,00:25
WingExt,Fly 0 (Male),0.1,757,759,00:25,00:25
WingExt,Fly 1 (Female),0.133,757,760,00:25,00:25
WingExt,Fly 1 (Female),0.1,766,768,00:26,00:26
WingExt,Fly 0 (Male),0.2,774,779,00:26,00:26
WingExt,Fly 1 (Female),0.267,777,784,00:26,00:26
WingExt,Fly 0 (Male),0.133,785,788,00:26,00:26
WingExt,Fly 1 (Female),0.167,787,791,00:26,00:26
WingExt,Fly 1 (Female),0.167,794,798,00:26,00:27
WingExt,Fly 0 (Male),0.133,799,802,00:27,00:27
WingExt,Fly 1 (Female),0.133,803,806,00:27,00:27
WingExt,Fly 1 (Female),0.167,810,814,00:27,00:27
WingExt,Fly 0 (Male),0.133,812,815,00:27,00:27
WingExt,Fly 0 (Male),0.2,840,845,00:28,00:28
WingExt,Fly 0 (Male),0.1,859,861,00:29,00:29
WingExt,Fly 0 (Male),0.1,937,939,00:31,00:31
WingExt,Fly 1 (Female),0.2,937,942,00:31,00:31
WingExt,Fly 1 (Female),0.1,947,949,00:32,00:32
WingExt,Fly 0 (Male),0.133,953,956,00:32,00:32
WingExt,Fly 1 (Female),0.167,953,957,00:32,00:32
WingExt,Fly 0 (Male),0.1,965,967,00:32,00:32
WingExt,Fly 1 (Female),0.1,967,969,00:32,00:32
WingExt,Fly 0 (Male),0.133,995,998,00:33,00:33
WingExt,Fly 1 (Female),0.2,1005,1010,00:34,00:34
WingExt,Fly 0 (Male),0.133,1010,1013,00:34,00:34
WingExt,Fly 1 (Female),0.1,1013,1015,00:34,00:34
WingExt,Fly 1 (Female),0.1,1021,1023,00:34,00:34
WingExt,Fly 0 (Male),0.1,1036,1038,00:35,00:35
WingExt,Fly 1 (Female),0.133,1045,1048,00:35,00:35
WingExt,Fly 1 (Female),0.133,1072,1075,00:36,00:36
WingExt,Fly 0 (Male),0.133,1109,1112,00:37,00:37
WingExt,Fly 0 (Male),0.133,1124,1127,00:37,00:38
WingExt,Fly 0 (Male),0.167,1172,1176,00:39,00:39
WingExt,Fly 0 (Male),0.267,1183,1190,00:39,00:40
WingExt,Fly 1 (Female),0.133,1185,1188,00:40,00:40
WingExt,Fly 0 (Male),0.1,1201,1203,00:40,00:40
WingExt,Fly 0 (Male),0.1,1210,1212,00:40,00:40
WingExt,Fly 0 (Male),0.1,1214,1216,00:40,00:41
Circling,Fly 0 (Male),0.333,1217,1226,00:41,00:41
Circling,Fly 1 (Female),0.367,1233,1243,00:41,00:41
WingExt,Fly 0 (Male),0.2,1241,1246,00:41,00:42
WingExt,Fly 0 (Male),0.1,1249,1251,00:42,00:42
WingExt,Fly 0 (Male),0.1,1253,1255,00:42,00:42
WingExt,Fly 1 (Female),0.1,1257,1259,00:42,00:42
WingExt,Fly 0 (Male),0.133,1273,1276,00:42,00:43
Circling,Fly 1 (Female),0.3,1280,1288,00:43,00:43
WingExt,Fly 0 (Male),0.1,1289,1291,00:43,00:43
WingExt,Fly 1 (Female),0.133,1291,1294,00:43,00:43
WingExt,Fly 0 (Male),0.167,1301,1305,00:43,00:44
WingExt,Fly 0 (Male),0.1,1309,1311,00:44,00:44
WingExt,Fly 0 (Male),0.333,1313,1322,00:44,00:44
WingExt,Fly 1 (Female),0.133,1319,1322,00:44,00:44
WingExt,Fly 1 (Female),0.133,1327,1330,00:44,00:44
WingExt,Fly 1 (Female),0.167,1332,1336,00:44,00:45
WingExt,Fly 1 (Female),0.233,1339,1345,00:45,00:45
Circling,Fly 1 (Female),0.3,1339,1347,00:45,00:45
WingExt,Fly 1 (Female),0.1,1347,1349,00:45,00:45
WingExt,Fly 1 (Female),0.367,1360,1370,00:45,00:46
Circling,Fly 1 (Female),0.4,1391,1402,00:46,00:47
WingExt,Fly 1 (Female),0.1,1428,1430,00:48,00:48
WingExt,Fly 0 (Male),0.167,1429,1433,00:48,00:48
WingExt,Fly 0 (Male),0.467,1438,1451,00:48,00:48
WingExt,Fly 0 (Male),0.1,1456,1458,00:49,00:49
WingExt,Fly 0 (Male),0.133,1460,1463,00:49,00:49
WingExt,Fly 0 (Male),0.133,1506,1509,00:50,00:50
WingExt,Fly 0 (Male),0.1,1522,1524,00:51,00:51
WingExt,Fly 0 (Male),0.167,1545,1549,00:52,00:52
WingExt,Fly 0 (Male),0.233,1555,1561,00:52,00:52
WingExt,Fly 1 (Female),0.133,1562,1565,00:52,00:52
WingExt,Fly 0 (Male),0.1,1580,1582,00:53,00:53
WingExt,Fly 1 (Female),0.2,1607,1612,00:54,00:54
WingExt,Fly 0 (Male),0.167,1625,1629,00:54,00:54
WingExt,Fly 0 (Male),0.1,1634,1636,00:54,00:55
WingExt,Fly 0 (Male),0.167,1672,1676,00:56,00:56
WingExt,Fly 1 (Female),0.233,1674,1680,00:56,00:56
WingExt,Fly 1 (Female),0.1,1738,1740,00:58,00:58
Circling,Fly 0 (Male),0.3,1751,1759,00:58,00:59
WingExt,Fly 0 (Male),0.1,1763,1765,00:59,00:59
WingExt,Fly 0 (Male),0.133,1771,1774,00:59,00:59
WingExt,Fly 1 (Female),0.1,1782,1784,00:59,00:59
Circling,Fly 0 (Male),0.3,1783,1791,00:59,01:00
WingExt,Fly 1 (Female),0.3,1786,1794,01:00,01:00
Circling,Fly 0 (Male),0.4,1793,1804,01:00,01:00
WingExt,Fly 1 (Female),0.1,1804,1806,01:00,01:00
WingExt,Fly 1 (Female),0.267,1808,1815,01:00,01:00
WingExt,Fly 0 (Male),0.1,1809,1811,01:00,01:00
WingExt,Fly 0 (Male),0.1,1817,1819,01:01,01:01
WingExt,Fly 1 (Female),0.1,1818,1820,01:01,01:01
WingExt,Fly 1 (Female),0.133,1860,1863,01:02,01:02
WingExt,Fly 1 (Female),0.1,1870,1872,01:02,01:02
WingExt,Fly 1 (Female),0.1,1881,1883,01:03,01:03
WingExt,Fly 0 (Male),0.2,1884,1889,01:03,01:03
WingExt,Fly 0 (Male),0.167,1891,1895,01:03,01:03
Circling,Fly 1 (Female),0.3,1894,1902,01:03,01:03
Circling,Fly 0 (Male),0.667,1895,1914,01:03,01:04
WingExt,Fly 0 (Male),0.133,1906,1909,01:04,01:04
WingExt,Fly 1 (Female),0.133,1917,1920,01:04,01:04
WingExt,Fly 0 (Male),0.133,1922,1925,01:04,01:04
WingExt,Fly 1 (Female),0.133,1924,1927,01:04,01:04
WingExt,Fly 0 (Male),0.1,1939,1941,01:05,01:05
Circling,Fly 1 (Female),0.467,1939,1952,01:05,01:05
Circling,Fly 0 (Male),0.3,1944,1952,01:05,01:05
WingExt,Fly 1 (Female),0.2,1961,1966,01:05,01:06
WingExt,Fly 0 (Male),0.1,1967,1969,01:06,01:06
WingExt,Fly 0 (Male),0.1,1984,1986,01:06,01:06
WingExt,Fly 0 (Male),0.1,2030,2032,01:08,01:08
WingExt,Fly 1 (Female),0.133,2041,2044,01:08,01:08
WingExt,Fly 1 (Female),0.133,2047,2050,01:08,01:08
WingExt,Fly 0 (Male),0.1,2049,2051,01:08,01:08
WingExt,Fly 0 (Male),0.2,2064,2069,01:09,01:09
WingExt,Fly 1 (Female),0.1,2068,2070,01:09,01:09
WingExt,Fly 1 (Female),0.167,2072,2076,01:09,01:09
WingExt,Fly 0 (Male),0.1,2074,2076,01:09,01:09
WingExt,Fly 0 (Male),0.3,2112,2120,01:10,01:11
WingExt,Fly 0 (Male),0.133,2123,2126,01:11,01:11
WingExt,Fly 0 (Male),0.1,2131,2133,01:11,01:11
WingExt,Fly 0 (Male),0.133,2137,2140,01:11,01:11
WingExt,Fly 0 (Male),0.167,2165,2169,01:12,01:12
WingExt,Fly 1 (Female),0.1,2170,2172,01:12,01:12
WingExt,Fly 0 (Male),0.1,2172,2174,01:12,01:12
WingExt,Fly 0 (Male),0.1,2178,2180,01:13,01:13
WingExt,Fly 0 (Male),0.1,2247,2249,01:15,01:15
WingExt,Fly 1 (Female),0.1,2252,2254,01:15,01:15
WingExt,Fly 1 (Female),0.1,2259,2261,01:15,01:15
WingExt,Fly 0 (Male),0.233,2270,2276,01:16,01:16
WingExt,Fly 0 (Male),0.133,2285,2288,01:16,01:16
WingExt,Fly 1 (Female),0.133,2286,2289,01:16,01:16
WingExt,Fly 1 (Female),0.133,2390,2393,01:20,01:20
WingExt,Fly 1 (Female),0.133,2402,2405,01:20,01:20
WingExt,Fly 0 (Male),0.167,2405,2409,01:20,01:20
WingExt,Fly 0 (Male),0.1,2435,2437,01:21,01:21
WingExt,Fly 1 (Female),0.133,2450,2453,01:22,01:22
Circling,Fly 0 (Male),0.533,2459,2474,01:22,01:22
WingExt,Fly 1 (Female),0.233,2465,2471,01:22,01:22
WingExt,Fly 0 (Male),0.133,2487,2490,01:23,01:23
WingExt,Fly 0 (Male),0.1,2494,2496,01:23,01:23
WingExt,Fly 0 (Male),0.167,2512,2516,01:24,01:24
WingExt,Fly 0 (Male),0.1,2523,2525,01:24,01:24
WingExt,Fly 1 (Female),0.133,2524,2527,01:24,01:24
WingExt,Fly 1 (Female),0.233,2534,2540,01:24,01:25
WingExt,Fly 1 (Female),0.133,2542,2545,01:25,01:25
WingExt,Fly 0 (Male),0.167,2547,2551,01:25,01:25
WingExt,Fly 0 (Male),0.133,2553,2556,01:25,01:25
WingExt,Fly 0 (Male),0.133,2561,2564,01:25,01:25
WingExt,Fly 0 (Male),0.1,2572,2574,01:26,01:26
WingExt,Fly 1 (Female),0.1,2579,2581,01:26,01:26
WingExt,Fly 1 (Female),0.133,2583,2586,01:26,01:26
WingExt,Fly 1 (Female),0.133,2591,2594,01:26,01:26
WingExt,Fly 0 (Male),0.1,2612,2614,01:27,01:27
WingExt,Fly 1 (Female),0.167,2621,2625,01:27,01:28
WingExt,Fly 0 (Male),0.2,2622,2627,01:27,01:28
WingExt,Fly 0 (Male),0.1,2642,2644,01:28,01:28
WingExt,Fly 0 (Male),0.233,2646,2652,01:28,01:28
WingExt,Fly 1 (Female),0.1,2649,2651,01:28,01:28
WingExt,Fly 1 (Female),0.1,2668,2670,01:29,01:29
WingExt,Fly 1 (Female),0.1,2700,2702,01:30,01:30
Circling,Fly 0 (Male),0.333,2708,2717,01:30,01:31
WingExt,Fly 1 (Female),0.133,2713,2716,01:30,01:31
Circling,Fly 1 (Female),0.3,2713,2721,01:30,01:31
WingExt,Fly 1 (Female),0.1,2721,2723,01:31,01:31
WingExt,Fly 1 (Female),0.1,2736,2738,01:31,01:31
WingExt,Fly 0 (Male),0.1,2740,2742,01:31,01:31
WingExt,Fly 0 (Male),0.1,2757,2759,01:32,01:32
WingExt,Fly 0 (Male),0.233,2761,2767,01:32,01:32
WingExt,Fly 1 (Female),0.1,2773,2775,01:32,01:32
WingExt,Fly 0 (Male),0.1,2774,2776,01:32,01:33
WingExt,Fly 0 (Male),0.133,2781,2784,01:33,01:33
WingExt,Fly 1 (Female),0.133,2789,2792,01:33,01:33
WingExt,Fly 1 (Female),0.1,2804,2806,01:33,01:34
WingExt,Fly 1 (Female),0.167,2838,2842,01:35,01:35
WingExt,Fly 0 (Male),0.1,2842,2844,01:35,01:35
WingExt,Fly 1 (Female),0.133,2845,2848,01:35,01:35
WingExt,Fly 0 (Male),0.333,2849,2858,01:35,01:35
WingExt,Fly 0 (Male),0.433,2862,2874,01:35,01:36
Circling,Fly 1 (Female),0.4,2862,2873,01:35,01:36
WingExt,Fly 0 (Male),0.1,2879,2881,01:36,01:36
WingExt,Fly 1 (Female),0.1,2893,2895,01:36,01:36
WingExt,Fly 1 (Female),0.2,2897,2902,01:37,01:37
WingExt,Fly 0 (Male),0.3,2912,2920,01:37,01:37
WingExt,Fly 1 (Female),0.1,2916,2918,01:37,01:37
WingExt,Fly 1 (Female),0.3,2928,2936,01:38,01:38
WingExt,Fly 0 (Male),0.167,2929,2933,01:38,01:38
WingExt,Fly 0 (Male),0.1,2965,2967,01:39,01:39
WingExt,Fly 0 (Male),0.1,2979,2981,01:39,01:39
WingExt,Fly 0 (Male),0.1,3000,3002,01:40,01:40
WingExt,Fly 0 (Male),0.1,3005,3007,01:40,01:40
WingExt,Fly 1 (Female),0.1,3032,3034,01:41,01:41
WingExt,Fly 1 (Female),0.133,3049,3052,01:42,01:42
WingExt,Fly 1 (Female),0.1,3054,3056,01:42,01:42
WingExt,Fly 0 (Male),0.133,3070,3073,01:42,01:42
WingExt,Fly 0 (Male),0.1,3082,3084,01:43,01:43
WingExt,Fly 0 (Male),0.1,3107,3109,01:44,01:44
WingExt,Fly 0 (Male),0.133,3123,3126,01:44,01:44
WingExt,Fly 1 (Female),0.2,3129,3134,01:44,01:44
WingExt,Fly 0 (Male),0.1,3133,3135,01:44,01:44
WingExt,Fly 0 (Male),0.267,3144,3151,01:45,01:45
WingExt,Fly 1 (Female),0.1,3151,3153,01:45,01:45
WingExt,Fly 1 (Female),0.1,3162,3164,01:45,01:45
WingExt,Fly 0 (Male),0.2,3166,3171,01:46,01:46
WingExt,Fly 1 (Female),0.1,3166,3168,01:46,01:46
WingExt,Fly 1 (Female),0.1,3173,3175,01:46,01:46
WingExt,Fly 1 (Female),0.2,3195,3200,01:46,01:47
WingExt,Fly 0 (Male),0.1,3199,3201,01:47,01:47
WingExt,Fly 0 (Male),0.1,3217,3219,01:47,01:47
WingExt,Fly 0 (Male),0.133,3222,3225,01:47,01:48
WingExt,Fly 1 (Female),0.1,3233,3235,01:48,01:48
WingExt,Fly 0 (Male),0.1,3235,3237,01:48,01:48
WingExt,Fly 1 (Female),0.1,3239,3241,01:48,01:48
WingExt,Fly 0 (Male),0.233,3253,3259,01:48,01:49
WingExt,Fly 1 (Female),0.367,3263,3273,01:49,01:49
WingExt,Fly 0 (Male),0.133,3274,3277,01:49,01:49
WingExt,Fly 1 (Female),0.133,3276,3279,01:49,01:49
WingExt,Fly 0 (Male),0.167,3280,3284,01:49,01:49
WingExt,Fly 1 (Female),0.1,3281,3283,01:49,01:49
WingExt,Fly 1 (Female),0.2,3293,3298,01:50,01:50
WingExt,Fly 0 (Male),0.1,3299,3301,01:50,01:50
WingExt,Fly 1 (Female),0.1,3302,3304,01:50,01:50
WingExt,Fly 1 (Female),0.5,3306,3320,01:50,01:51
WingExt,Fly 0 (Male),0.133,3307,3310,01:50,01:50
WingExt,Fly 0 (Male),0.1,3320,3322,01:51,01:51
WingExt,Fly 0 (Male),0.133,3325,3328,01:51,01:51
WingExt,Fly 0 (Male),0.1,3332,3334,01:51,01:51
WingExt,Fly 0 (Male),0.1,3348,3350,01:52,01:52
WingExt,Fly 1 (Female),0.1,3352,3354,01:52,01:52
WingExt,Fly 1 (Female),0.1,3369,3371,01:52,01:52
WingExt,Fly 1 (Female),0.1,3453,3455,01:55,01:55
WingExt,Fly 0 (Male),0.167,3514,3518,01:57,01:57
WingExt,Fly 0 (Male),0.2,3523,3528,01:57,01:58
WingExt,Fly 1 (Female),0.167,3586,3590,02:00,02:00
WingExt,Fly 0 (Male),0.133,3591,3594,02:00,02:00
WingExt,Fly 1 (Female),0.267,3592,3599,02:00,02:00
WingExt,Fly 0 (Male),0.2,3605,3610,02:00,02:00
WingExt,Fly 1 (Female),0.133,3610,3613,02:00,02:00
WingExt,Fly 1 (Female),0.1,3620,3622,02:01,02:01
WingExt,Fly 0 (Male),0.1,3633,3635,02:01,02:01
WingExt,Fly 0 (Male),0.167,3643,3647,02:01,02:02
WingExt,Fly 0 (Male),0.1,3667,3669,02:02,02:02
WingExt,Fly 0 (Male),0.167,3671,3675,02:02,02:02
WingExt,Fly 0 (Male),0.133,3679,3682,02:03,02:03
WingExt,Fly 1 (Female),0.167,3682,3686,02:03,02:03
WingExt,Fly 0 (Male),0.1,3731,3733,02:04,02:04
WingExt,Fly 0 (Male),0.1,3745,3747,02:05,02:05
WingExt,Fly 0 (Male),0.1,3749,3751,02:05,02:05
WingExt,Fly 1 (Female),0.1,3749,3751,02:05,02:05
WingExt,Fly 0 (Male),0.367,3757,3767,02:05,02:06
WingExt,Fly 1 (Female),0.167,3788,3792,02:06,02:06
WingExt,Fly 1 (Female),0.1,3798,3800,02:07,02:07
WingExt,Fly 1 (Female),0.167,3820,3824,02:07,02:07
WingExt,Fly 0 (Male),0.2,3824,3829,02:07,02:08
WingExt,Fly 1 (Female),0.1,3827,3829,02:08,02:08
WingExt,Fly 0 (Male),0.3,3832,3840,02:08,02:08
WingExt,Fly 1 (Female),0.133,3843,3846,02:08,02:08
WingExt,Fly 0 (Male),0.133,3852,3855,02:08,02:08
WingExt,Fly 0 (Male),0.167,3860,3864,02:09,02:09
WingExt,Fly 1 (Female),0.233,3862,3868,02:09,02:09
WingExt,Fly 0 (Male),0.167,3866,3870,02:09,02:09
WingExt,Fly 0 (Male),0.133,3874,3877,02:09,02:09
WingExt,Fly 0 (Male),0.167,3879,3883,02:09,02:09
WingExt,Fly 0 (Male),0.167,3902,3906,02:10,02:10
WingExt,Fly 1 (Female),0.1,3921,3923,02:11,02:11
WingExt,Fly 1 (Female),0.233,3925,3931,02:11,02:11
WingExt,Fly 0 (Male),0.167,3930,3934,02:11,02:11
WingExt,Fly 0 (Male),0.1,3942,3944,02:11,02:11
WingExt,Fly 0 (Male),0.1,3961,3963,02:12,02:12
WingExt,Fly 1 (Female),0.1,3976,3978,02:13,02:13
WingExt,Fly 0 (Male),0.2,3984,3989,02:13,02:13
WingExt,Fly 0 (Male),0.367,4000,4010,02:13,02:14
WingExt,Fly 1 (Female),0.167,4007,4011,02:14,02:14
WingExt,Fly 0 (Male),0.167,4021,4025,02:14,02:14
WingExt,Fly 0 (Male),0.133,4051,4054,02:15,02:15
WingExt,Fly 1 (Female),0.1,4071,4073,02:16,02:16
WingExt,Fly 0 (Male),0.2,4074,4079,02:16,02:16
WingExt,Fly 0 (Male),0.133,4082,4085,02:16,02:16
WingExt,Fly 1 (Female),0.167,4122,4126,02:17,02:18
WingExt,Fly 1 (Female),0.1,4176,4178,02:19,02:19
WingExt,Fly 0 (Male),0.1,4209,4211,02:20,02:20
WingExt,Fly 0 (Male),0.1,4216,4218,02:21,02:21
WingExt,Fly 1 (Female),0.2,4218,4223,02:21,02:21
WingExt,Fly 0 (Male),0.233,4220,4226,02:21,02:21
WingExt,Fly 1 (Female),0.133,4245,4248,02:22,02:22
Circling,Fly 0 (Male),0.3,4245,4253,02:22,02:22
WingExt,Fly 0 (Male),0.133,4252,4255,02:22,02:22
WingExt,Fly 0 (Male),0.1,4263,4265,02:22,02:22
WingExt,Fly 0 (Male),0.1,4271,4273,02:22,02:22
WingExt,Fly 1 (Female),0.1,4282,4284,02:23,02:23
WingExt,Fly 1 (Female),0.133,4286,4289,02:23,02:23
WingExt,Fly 1 (Female),0.267,4299,4306,02:23,02:24
WingExt,Fly 1 (Female),0.267,4310,4317,02:24,02:24
WingExt,Fly 1 (Female),0.133,4325,4328,02:24,02:24
WingExt,Fly 1 (Female),0.1,4332,4334,02:24,02:24
WingExt,Fly 0 (Male),0.133,4335,4338,02:24,02:25
WingExt,Fly 1 (Female),0.2,4336,4341,02:25,02:25
WingExt,Fly 0 (Male),0.167,4340,4344,02:25,02:25
WingExt,Fly 0 (Male),0.1,4346,4348,02:25,02:25
WingExt,Fly 0 (Male),0.133,4352,4355,02:25,02:25
WingExt,Fly 1 (Female),0.133,4352,4355,02:25,02:25
WingExt,Fly 1 (Female),0.133,4359,4362,02:25,02:25
WingExt,Fly 1 (Female),0.2,4391,4396,02:26,02:27
WingExt,Fly 0 (Male),0.133,4395,4398,02:26,02:27
WingExt,Fly 1 (Female),0.167,4398,4402,02:27,02:27
WingExt,Fly 0 (Male),0.233,4403,4409,02:27,02:27
Circling,Fly 1 (Female),0.367,4410,4420,02:27,02:27
WingExt,Fly 0 (Male),0.167,4412,4416,02:27,02:27
WingExt,Fly 0 (Male),0.1,4426,4428,02:28,02:28
WingExt,Fly 0 (Male),0.2,4432,4437,02:28,02:28
WingExt,Fly 1 (Female),0.133,4433,4436,02:28,02:28
WingExt,Fly 0 (Male),0.133,4485,4488,02:30,02:30
WingExt,Fly 1 (Female),0.167,4518,4522,02:31,02:31
WingExt,Fly 1 (Female),0.133,4524,4527,02:31,02:31
WingExt,Fly 0 (Male),0.1,4525,4527,02:31,02:31
WingExt,Fly 0 (Male),0.233,4573,4579,02:32,02:33
WingExt,Fly 1 (Female),0.167,4576,4580,02:33,02:33
WingExt,Fly 1 (Female),0.1,4582,4584,02:33,02:33
WingExt,Fly 0 (Male),0.1,4590,4592,02:33,02:33
WingExt,Fly 0 (Male),0.167,4609,4613,02:34,02:34
WingExt,Fly 1 (Female),0.2,4612,4617,02:34,02:34
WingExt,Fly 0 (Male),0.133,4655,4658,02:35,02:35
WingExt,Fly 0 (Male),0.433,4662,4674,02:35,02:36
WingExt,Fly 0 (Male),0.233,4678,4684,02:36,02:36
WingExt,Fly 0 (Male),0.4,4686,4697,02:36,02:37
WingExt,Fly 0 (Male),0.2,4707,4712,02:37,02:37
WingExt,Fly 0 (Male),0.133,4736,4739,02:38,02:38
WingExt,Fly 1 (Female),0.1,4764,4766,02:39,02:39
WingExt,Fly 0 (Male),0.1,4796,4798,02:40,02:40
WingExt,Fly 0 (Male),0.1,4827,4829,02:41,02:41
WingExt,Fly 0 (Male),0.1,4841,4843,02:41,02:41
WingExt,Fly 1 (Female),0.1,4849,4851,02:42,02:42
WingExt,Fly 0 (Male),0.167,4855,4859,02:42,02:42
WingExt,Fly 0 (Male),0.233,4861,4867,02:42,02:42
WingExt,Fly 0 (Male),0.1,4875,4877,02:42,02:43
WingExt,Fly 0 (Male),0.233,4899,4905,02:43,02:44
WingExt,Fly 1 (Female),0.133,4908,4911,02:44,02:44
WingExt,Fly 1 (Female),0.133,4913,4916,02:44,02:44
WingExt,Fly 1 (Female),0.2,4921,4926,02:44,02:44
WingExt,Fly 1 (Female),0.167,4928,4932,02:44,02:44
WingExt,Fly 1 (Female),0.133,4961,4964,02:45,02:45
WingExt,Fly 1 (Female),0.133,4996,4999,02:47,02:47
WingExt,Fly 0 (Male),0.1,5002,5004,02:47,02:47
WingExt,Fly 0 (Male),0.167,5006,5010,02:47,02:47
WingExt,Fly 1 (Female),0.1,5085,5087,02:50,02:50
WingExt,Fly 1 (Female),0.1,5089,5091,02:50,02:50
WingExt,Fly 0 (Male),0.1,5209,5211,02:54,02:54
WingExt,Fly 1 (Female),0.133,5209,5212,02:54,02:54
WingExt,Fly 0 (Male),0.1,5259,5261,02:55,02:55
WingExt,Fly 1 (Female),0.133,5260,5263,02:55,02:55
WingExt,Fly 1 (Female),0.4,5267,5278,02:56,02:56
WingExt,Fly 1 (Female),0.167,5280,5284,02:56,02:56
WingExt,Fly 0 (Male),0.133,5320,5323,02:57,02:57
WingExt,Fly 1 (Female),0.1,5321,5323,02:57,02:57
WingExt,Fly 0 (Male),0.167,5339,5343,02:58,02:58
WingExt,Fly 1 (Female),0.2,5404,5409,03:00,03:00
WingExt,Fly 0 (Male),0.1,5405,5407,03:00,03:00
WingExt,Fly 0 (Male),0.1,5410,5412,03:00,03:00
WingExt,Fly 1 (Female),0.133,5428,5431,03:01,03:01
WingExt,Fly 1 (Female),0.167,5446,5450,03:02,03:02
WingExt,Fly 1 (Female),0.1,5490,5492,03:03,03:03
WingExt,Fly 0 (Male),0.133,5502,5505,03:03,03:04
WingExt,Fly 1 (Female),0.133,5502,5505,03:03,03:04
WingExt,Fly 1 (Female),0.133,5507,5510,03:04,03:04
WingExt,Fly 0 (Male),0.133,5518,5521,03:04,03:04
WingExt,Fly 0 (Male),0.133,5525,5528,03:04,03:04
WingExt,Fly 1 (Female),0.1,5537,5539,03:05,03:05
WingExt,Fly 1 (Female),0.3,5541,5549,03:05,03:05
WingExt,Fly 0 (Male),0.1,5551,5553,03:05,03:05
WingExt,Fly 0 (Male),0.167,5595,5599,03:06,03:07
WingExt,Fly 0 (Male),0.133,5619,5622,03:07,03:07
WingExt,Fly 0 (Male),0.1,5641,5643,03:08,03:08
Circling,Fly 1 (Female),0.533,5646,5661,03:08,03:09
WingExt,Fly 0 (Male),0.1,5651,5653,03:08,03:08
WingExt,Fly 1 (Female),0.167,5680,5684,03:09,03:09
WingExt,Fly 1 (Female),0.267,5694,5701,03:10,03:10
WingExt,Fly 0 (Male),0.1,5699,5701,03:10,03:10
WingExt,Fly 1 (Female),0.1,5708,5710,03:10,03:10
WingExt,Fly 1 (Female),0.167,5716,5720,03:11,03:11
WingExt,Fly 1 (Female),0.1,5722,5724,03:11,03:11
WingExt,Fly 1 (Female),0.333,5728,5737,03:11,03:11
WingExt,Fly 0 (Male),0.233,5731,5737,03:11,03:11
WingExt,Fly 1 (Female),0.4,5740,5751,03:11,03:12
WingExt,Fly 0 (Male),0.167,5742,5746,03:11,03:12
WingExt,Fly 0 (Male),0.1,5751,5753,03:12,03:12
WingExt,Fly 1 (Female),0.233,5753,5759,03:12,03:12
WingExt,Fly 0 (Male),0.167,5755,5759,03:12,03:12
WingExt,Fly 0 (Male),0.2,5766,5771,03:12,03:12
WingExt,Fly 0 (Male),0.3,5773,5781,03:12,03:13
WingExt,Fly 1 (Female),0.1,5786,5788,03:13,03:13
WingExt,Fly 0 (Male),0.1,5788,5790,03:13,03:13
WingExt,Fly 0 (Male),0.167,5792,5796,03:13,03:13
WingExt,Fly 1 (Female),0.6,5796,5813,03:13,03:14
WingExt,Fly 0 (Male),0.3,5798,5806,03:13,03:14
WingExt,Fly 0 (Male),0.467,5813,5826,03:14,03:14
WingExt,Fly 1 (Female),0.633,5820,5838,03:14,03:15
WingExt,Fly 0 (Male),0.1,5840,5842,03:15,03:15
WingExt,Fly 1 (Female),0.1,5840,5842,03:15,03:15
WingExt,Fly 0 (Male),0.1,5844,5846,03:15,03:15
WingExt,Fly 0 (Male),0.133,5851,5854,03:15,03:15
WingExt,Fly 1 (Female),0.1,5856,5858,03:15,03:15
WingExt,Fly 0 (Male),0.433,5879,5891,03:16,03:16
WingExt,Fly 1 (Female),0.1,5887,5889,03:16,03:16
WingExt,Fly 1 (Female),0.133,5891,5894,03:16,03:16
WingExt,Fly 1 (Female),0.133,5902,5905,03:17,03:17
WingExt,Fly 0 (Male),0.1,5983,5985,03:19,03:20
WingExt,Fly 0 (Male),0.133,6005,6008,03:20,03:20
WingExt,Fly 1 (Female),0.233,6007,6013,03:20,03:20
WingExt,Fly 1 (Female),0.133,6028,6031,03:21,03:21
WingExt,Fly 1 (Female),0.2,6043,6048,03:21,03:22
WingExt,Fly 0 (Male),0.1,6045,6047,03:22,03:22
WingExt,Fly 1 (Female),0.1,6149,6151,03:25,03:25
WingExt,Fly 1 (Female),0.1,6159,6161,03:25,03:25
WingExt,Fly 0 (Male),0.267,6180,6187,03:26,03:26
WingExt,Fly 0 (Male),0.133,6250,6253,03:28,03:28
WingExt,Fly 0 (Male),0.1,6278,6280,03:29,03:29
WingExt,Fly 0 (Male),0.1,6305,6307,03:30,03:30
WingExt,Fly 1 (Female),0.1,6332,6334,03:31,03:31
WingExt,Fly 0 (Male),0.133,6513,6516,03:37,03:37
WingExt,Fly 1 (Female),0.1,6545,6547,03:38,03:38
WingExt,Fly 1 (Female),0.167,6602,6606,03:40,03:40
WingExt,Fly 1 (Female),0.133,6609,6612,03:40,03:40
WingExt,Fly 1 (Female),0.133,6614,6617,03:40,03:41
WingExt,Fly 0 (Male),0.133,6633,6636,03:41,03:41
WingExt,Fly 0 (Male),0.1,6650,6652,03:42,03:42
WingExt,Fly 1 (Female),0.2,6650,6655,03:42,03:42
WingExt,Fly 1 (Female),0.1,6661,6663,03:42,03:42
WingExt,Fly 0 (Male),0.167,6666,6670,03:42,03:42
WingExt,Fly 1 (Female),0.267,6666,6673,03:42,03:42
WingExt,Fly 0 (Male),0.1,6680,6682,03:43,03:43
WingExt,Fly 0 (Male),0.1,6688,6690,03:43,03:43
WingExt,Fly 0 (Male),0.133,6695,6698,03:43,03:43
WingExt,Fly 1 (Female),0.1,6696,6698,03:43,03:43
WingExt,Fly 0 (Male),0.1,6725,6727,03:44,03:44
WingExt,Fly 1 (Female),0.1,6727,6729,03:44,03:44
WingExt,Fly 1 (Female),0.533,6743,6758,03:45,03:45
WingExt,Fly 0 (Male),0.333,6748,6757,03:45,03:45
WingExt,Fly 1 (Female),0.1,6764,6766,03:45,03:46
WingExt,Fly 1 (Female),0.167,6773,6777,03:46,03:46
WingExt,Fly 0 (Male),0.133,6776,6779,03:46,03:46
WingExt,Fly 1 (Female),0.133,6780,6783,03:46,03:46
WingExt,Fly 1 (Female),0.1,6795,6797,03:46,03:47
WingExt,Fly 0 (Male),0.1,6806,6808,03:47,03:47
WingExt,Fly 0 (Male),0.3,6812,6820,03:47,03:47
WingExt,Fly 1 (Female),0.267,6813,6820,03:47,03:47
WingExt,Fly 0 (Male),0.1,6822,6824,03:47,03:47
WingExt,Fly 1 (Female),0.3,6822,6830,03:47,03:48
WingExt,Fly 1 (Female),0.133,6832,6835,03:48,03:48
WingExt,Fly 0 (Male),0.2,6833,6838,03:48,03:48
WingExt,Fly 1 (Female),0.1,6844,6846,03:48,03:48
WingExt,Fly 0 (Male),0.1,6845,6847,03:48,03:48
WingExt,Fly 1 (Female),0.133,6848,6851,03:48,03:48
WingExt,Fly 0 (Male),0.1,6854,6856,03:48,03:49
WingExt,Fly 1 (Female),0.167,6854,6858,03:48,03:49
WingExt,Fly 1 (Female),0.1,6860,6862,03:49,03:49
WingExt,Fly 0 (Male),0.1,6867,6869,03:49,03:49
WingExt,Fly 1 (Female),0.167,6897,6901,03:50,03:50
WingExt,Fly 0 (Male),0.3,6906,6914,03:50,03:50
WingExt,Fly 1 (Female),0.1,6908,6910,03:50,03:50
WingExt,Fly 0 (Male),0.1,6920,6922,03:51,03:51
WingExt,Fly 1 (Female),0.233,6921,6927,03:51,03:51
WingExt,Fly 0 (Male),0.133,6927,6930,03:51,03:51
WingExt,Fly 0 (Male),0.1,6934,6936,03:51,03:51
WingExt,Fly 0 (Male),0.133,6944,6947,03:51,03:52
WingExt,Fly 1 (Female),0.167,6944,6948,03:51,03:52
WingExt,Fly 0 (Male),0.2,6958,6963,03:52,03:52
WingExt,Fly 0 (Male),0.1,6972,6974,03:52,03:52
WingExt,Fly 0 (Male),0.1,6976,6978,03:53,03:53
WingExt,Fly 1 (Female),0.433,6981,6993,03:53,03:53
WingExt,Fly 0 (Male),0.1,6989,6991,03:53,03:53
WingExt,Fly 1 (Female),0.1,7000,7002,03:53,03:53
WingExt,Fly 1 (Female),0.133,7005,7008,03:54,03:54
WingExt,Fly 0 (Male),0.2,7011,7016,03:54,03:54
WingExt,Fly 0 (Male),0.133,7018,7021,03:54,03:54
WingExt,Fly 1 (Female),0.1,7051,7053,03:55,03:55
Circling,Fly 0 (Male),0.367,7058,7068,03:55,03:56
WingExt,Fly 1 (Female),0.133,7066,7069,03:56,03:56
Circling,Fly 0 (Male),0.433,7071,7083,03:56,03:56
WingExt,Fly 0 (Male),0.133,7085,7088,03:56,03:56
Circling,Fly 0 (Male),0.367,7092,7102,03:56,03:57
WingExt,Fly 0 (Male),0.1,7093,7095,03:56,03:56
WingExt,Fly 0 (Male),0.1,7113,7115,03:57,03:57
WingExt,Fly 0 (Male),0.233,7121,7127,03:57,03:58
WingExt,Fly 1 (Female),0.167,7122,7126,03:57,03:58
WingExt,Fly 1 (Female),0.2,7149,7154,03:58,03:58
Circling,Fly 0 (Male),0.3,7149,7157,03:58,03:59
WingExt,Fly 0 (Male),0.1,7170,7172,03:59,03:59
WingExt,Fly 1 (Female),0.233,7184,7190,03:59,04:00
WingExt,Fly 1 (Female),0.367,7192,7202,04:00,04:00
WingExt,Fly 0 (Male),0.2,7203,7208,04:00,04:00
WingExt,Fly 1 (Female),0.1,7209,7211,04:00,04:00
WingExt,Fly 1 (Female),0.1,7213,7215,04:00,04:00
WingExt,Fly 1 (Female),0.2,7217,7222,04:01,04:01
WingExt,Fly 1 (Female),0.167,7228,7232,04:01,04:01
WingExt,Fly 0 (Male),0.233,7245,7251,04:02,04:02
WingExt,Fly 0 (Male),0.333,7254,7263,04:02,04:02
WingExt,Fly 1 (Female),0.1,7259,7261,04:02,04:02
WingExt,Fly 0 (Male),0.133,7273,7276,04:02,04:03
WingExt,Fly 0 (Male),0.267,7278,7285,04:03,04:03
WingExt,Fly 0 (Male),0.133,7289,7292,04:03,04:03
WingExt,Fly 0 (Male),0.1,7294,7296,04:03,04:03
WingExt,Fly 1 (Female),0.1,7300,7302,04:03,04:03
WingExt,Fly 0 (Male),0.133,7307,7310,04:04,04:04
WingExt,Fly 1 (Female),0.1,7307,7309,04:04,04:04
WingExt,Fly 0 (Male),0.1,7316,7318,04:04,04:04
WingExt,Fly 1 (Female),0.167,7317,7321,04:04,04:04
Circling,Fly 0 (Male),0.3,7320,7328,04:04,04:04
WingExt,Fly 0 (Male),0.167,7321,7325,04:04,04:04
WingExt,Fly 1 (Female),0.233,7331,7337,04:04,04:05
WingExt,Fly 0 (Male),0.1,7334,7336,04:04,04:05
WingExt,Fly 0 (Male),0.1,7341,7343,04:05,04:05
WingExt,Fly 0 (Male),0.1,7348,7350,04:05,04:05
WingExt,Fly 1 (Female),0.1,7351,7353,04:05,04:05
WingExt,Fly 0 (Male),0.2,7354,7359,04:05,04:05
WingExt,Fly 0 (Male),0.133,7363,7366,04:05,04:06
WingExt,Fly 1 (Female),0.267,7372,7379,04:06,04:06
WingExt,Fly 0 (Male),0.133,7373,7376,04:06,04:06
WingExt,Fly 0 (Male),0.1,7403,7405,04:07,04:07
Circling,Fly 0 (Male),0.3,7403,7411,04:07,04:07
Circling,Fly 1 (Female),0.767,7403,7425,04:07,04:08
WingExt,Fly 1 (Female),0.133,7408,7411,04:07,04:07
WingExt,Fly 0 (Male),0.1,7411,7413,04:07,04:07
WingExt,Fly 0 (Male),0.1,7434,7436,04:08,04:08
WingExt,Fly 0 (Male),0.1,7446,7448,04:08,04:08
WingExt,Fly 1 (Female),0.2,7454,7459,04:08,04:09
WingExt,Fly 0 (Male),0.1,7456,7458,04:09,04:09
Circling,Fly 0 (Male),0.367,7478,7488,04:09,04:10
WingExt,Fly 1 (Female),0.133,7488,7491,04:10,04:10
WingExt,Fly 0 (Male),0.233,7513,7519,04:10,04:11
WingExt,Fly 1 (Female),0.2,7543,7548,04:11,04:12
WingExt,Fly 0 (Male),0.2,7544,7549,04:11,04:12
WingExt,Fly 0 (Male),0.2,7557,7562,04:12,04:12
WingExt,Fly 1 (Female),0.1,7563,7565,04:12,04:12
WingExt,Fly 0 (Male),0.1,7568,7570,04:12,04:12
WingExt,Fly 1 (Female),0.2,7568,7573,04:12,04:12
WingExt,Fly 0 (Male),0.533,7572,7587,04:12,04:13
WingExt,Fly 1 (Female),0.3,7584,7592,04:13,04:13
WingExt,Fly 0 (Male),0.133,7590,7593,04:13,04:13
WingExt,Fly 1 (Female),0.1,7605,7607,04:14,04:14
WingExt,Fly 0 (Male),0.1,7607,7609,04:14,04:14
WingExt,Fly 1 (Female),0.133,7609,7612,04:14,04:14
WingExt,Fly 1 (Female),0.1,7623,7625,04:14,04:14
WingExt,Fly 1 (Female),0.267,7631,7638,04:14,04:15
WingExt,Fly 1 (Female),0.2,7646,7651,04:15,04:15
WingExt,Fly 1 (Female),0.433,7658,7670,04:15,04:16
WingExt,Fly 0 (Male),0.133,7673,7676,04:16,04:16
Circling,Fly 0 (Male),0.4,7698,7709,04:17,04:17
WingExt,Fly 1 (Female),0.1,7701,7703,04:17,04:17
Circling,Fly 1 (Female),0.4,7703,7714,04:17,04:17
WingExt,Fly 0 (Male),0.1,7718,7720,04:17,04:17
WingExt,Fly 1 (Female),0.1,7722,7724,04:17,04:17
WingExt,Fly 0 (Male),0.167,7740,7744,04:18,04:18
WingExt,Fly 1 (Female),0.1,7753,7755,04:18,04:18
WingExt,Fly 1 (Female),0.133,7768,7771,04:19,04:19
WingExt,Fly 1 (Female),0.267,7775,7782,04:19,04:19
WingExt,Fly 0 (Male),0.1,7780,7782,04:19,04:19
WingExt,Fly 0 (Male),0.1,7789,7791,04:20,04:20
WingExt,Fly 1 (Female),0.233,7792,7798,04:20,04:20
WingExt,Fly 0 (Male),0.1,7794,7796,04:20,04:20
WingExt,Fly 0 (Male),0.1,7813,7815,04:20,04:20
WingExt,Fly 1 (Female),0.1,7818,7820,04:21,04:21
WingExt,Fly 0 (Male),0.167,7828,7832,04:21,04:21
WingExt,Fly 1 (Female),0.1,7828,7830,04:21,04:21
WingExt,Fly 1 (Female),0.133,7833,7836,04:21,04:21
WingExt,Fly 0 (Male),0.1,7888,7890,04:23,04:23
WingExt,Fly 0 (Male),0.1,7892,7894,04:23,04:23
WingExt,Fly 0 (Male),0.1,7904,7906,04:23,04:24
WingExt,Fly 1 (Female),0.1,7966,7968,04:26,04:26
WingExt,Fly 0 (Male),0.133,7971,7974,04:26,04:26
WingExt,Fly 0 (Male),0.133,7976,7979,04:26,04:26
WingExt,Fly 0 (Male),0.167,8016,8020,04:27,04:27
WingExt,Fly 1 (Female),0.133,8034,8037,04:28,04:28
WingExt,Fly 0 (Male),0.1,8050,8052,04:28,04:28
WingExt,Fly 1 (Female),0.133,8058,8061,04:29,04:29
WingExt,Fly 0 (Male),0.267,8063,8070,04:29,04:29
WingExt,Fly 1 (Female),0.1,8063,8065,04:29,04:29
WingExt,Fly 1 (Female),0.167,8074,8078,04:29,04:29
WingExt,Fly 0 (Male),0.1,8075,8077,04:29,04:29
WingExt,Fly 0 (Male),0.133,8086,8089,04:30,04:30
WingExt,Fly 1 (Female),0.133,8115,8118,04:30,04:31
WingExt,Fly 0 (Male),0.133,8117,8120,04:31,04:31
WingExt,Fly 0 (Male),0.1,8138,8140,04:31,04:31
WingExt,Fly 1 (Female),0.1,8138,8140,04:31,04:31
WingExt,Fly 1 (Female),0.1,8146,8148,04:32,04:32
WingExt,Fly 1 (Female),0.167,8158,8162,04:32,04:32
WingExt,Fly 0 (Male),0.133,8163,8166,04:32,04:32
WingExt,Fly 1 (Female),0.1,8164,8166,04:32,04:32
WingExt,Fly 1 (Female),0.1,8170,8172,04:32,04:32
Circling,Fly 1 (Female),0.3,8178,8186,04:33,04:33
WingExt,Fly 1 (Female),0.367,8180,8190,04:33,04:33
WingExt,Fly 0 (Male),0.133,8194,8197,04:33,04:33
WingExt,Fly 0 (Male),0.1,8208,8210,04:34,04:34
WingExt,Fly 0 (Male),0.1,8230,8232,04:34,04:34
WingExt,Fly 0 (Male),0.1,8240,8242,04:35,04:35
WingExt,Fly 1 (Female),0.133,8255,8258,04:35,04:35
WingExt,Fly 0 (Male),0.133,8285,8288,04:36,04:36
WingExt,Fly 1 (Female),0.1,8319,8321,04:37,04:37
WingExt,Fly 1 (Female),0.1,8327,8329,04:38,04:38
WingExt,Fly 0 (Male),0.1,8334,8336,04:38,04:38
WingExt,Fly 1 (Female),0.1,8346,8348,04:38,04:38
WingExt,Fly 0 (Male),0.1,8355,8357,04:38,04:39
WingExt,Fly 0 (Male),0.233,8392,8398,04:40,04:40
WingExt,Fly 1 (Female),0.133,8393,8396,04:40,04:40
WingExt,Fly 1 (Female),0.133,8404,8407,04:40,04:40
WingExt,Fly 0 (Male),0.1,8439,8441,04:41,04:41
WingExt,Fly 1 (Female),0.1,8456,8458,04:42,04:42
WingExt,Fly 0 (Male),0.4,8459,8470,04:42,04:42
Circling,Fly 0 (Male),0.367,8473,8483,04:42,04:43
WingExt,Fly 0 (Male),0.133,8478,8481,04:43,04:43
WingExt,Fly 1 (Female),0.133,8483,8486,04:43,04:43
WingExt,Fly 0 (Male),0.233,8485,8491,04:43,04:43
WingExt,Fly 1 (Female),0.1,8490,8492,04:43,04:43
WingExt,Fly 0 (Male),0.167,8495,8499,04:43,04:43
WingExt,Fly 1 (Female),0.1,8500,8502,04:43,04:43
WingExt,Fly 0 (Male),0.5,8505,8519,04:44,04:44
WingExt,Fly 1 (Female),0.1,8523,8525,04:44,04:44
WingExt,Fly 1 (Female),0.167,8527,8531,04:44,04:44
WingExt,Fly 0 (Male),0.1,8539,8541,04:45,04:45
WingExt,Fly 1 (Female),0.1,8546,8548,04:45,04:45
WingExt,Fly 0 (Male),0.1,8571,8573,04:46,04:46
WingExt,Fly 0 (Male),0.1,8576,8578,04:46,04:46
WingExt,Fly 1 (Female),0.1,8589,8591,04:46,04:46
WingExt,Fly 1 (Female),0.1,8596,8598,04:47,04:47
Circling,Fly 0 (Male),0.367,8624,8634,04:47,04:48
WingExt,Fly 1 (Female),0.1,8688,8690,04:50,04:50
WingExt,Fly 0 (Male),0.1,8689,8691,04:50,04:50
WingExt,Fly 1 (Female),0.1,8698,8700,04:50,04:50
WingExt,Fly 1 (Female),0.133,8713,8716,04:50,04:51
WingExt,Fly 1 (Female),0.1,8727,8729,04:51,04:51
WingExt,Fly 0 (Male),0.1,8768,8770,04:52,04:52
WingExt,Fly 1 (Female),0.167,8780,8784,04:53,04:53
WingExt,Fly 0 (Male),0.133,8787,8790,04:53,04:53
WingExt,Fly 1 (Female),0.133,8790,8793,04:53,04:53
WingExt,Fly 0 (Male),0.167,8804,8808,04:53,04:54
WingExt,Fly 0 (Male),0.167,9043,9047,05:01,05:02
WingExt,Fly 0 (Male),0.167,9109,9113,05:04,05:04
WingExt,Fly 1 (Female),0.133,9110,9113,05:04,05:04
WingExt,Fly 0 (Male),0.1,9133,9135,05:04,05:04
WingExt,Fly 0 (Male),0.133,9178,9181,05:06,05:06
WingExt,Fly 0 (Male),0.1,9257,9259,05:09,05:09
WingExt,Fly 0 (Male),0.1,9289,9291,05:10,05:10
WingExt,Fly 0 (Male),0.233,9319,9325,05:11,05:11
WingExt,Fly 1 (Female),0.167,9347,9351,05:12,05:12
WingExt,Fly 1 (Female),0.133,9365,9368,05:12,05:12
WingExt,Fly 1 (Female),0.1,9396,9398,05:13,05:13
WingExt,Fly 1 (Female),0.2,9436,9441,05:15,05:15
WingExt,Fly 1 (Female),0.167,9466,9470,05:16,05:16
WingExt,Fly 1 (Female),0.133,9477,9480,05:16,05:16
WingExt,Fly 0 (Male),0.133,9479,9482,05:16,05:16
WingExt,Fly 1 (Female),0.167,9483,9487,05:16,05:16
WingExt,Fly 0 (Male),0.1,9484,9486,05:16,05:16
WingExt,Fly 0 (Male),0.1,9530,9532,05:18,05:18
WingExt,Fly 1 (Female),0.133,9532,9535,05:18,05:18
WingExt,Fly 0 (Male),0.133,9580,9583,05:19,05:19
WingExt,Fly 0 (Male),0.233,9603,9609,05:20,05:20
WingExt,Fly 1 (Female),0.1,9610,9612,05:20,05:20
WingExt,Fly 1 (Female),0.2,9615,9620,05:20,05:21
WingExt,Fly 0 (Male),0.133,9618,9621,05:21,05:21
WingExt,Fly 0 (Male),0.333,9626,9635,05:21,05:21
WingExt,Fly 1 (Female),0.2,9626,9631,05:21,05:21
WingExt,Fly 0 (Male),0.2,9638,9643,05:21,05:21
WingExt,Fly 1 (Female),0.133,9638,9641,05:21,05:21
WingExt,Fly 1 (Female),0.267,9643,9650,05:21,05:22
WingExt,Fly 0 (Male),0.133,9652,9655,05:22,05:22
WingExt,Fly 1 (Female),0.167,9652,9656,05:22,05:22
WingExt,Fly 0 (Male),0.1,9657,9659,05:22,05:22
WingExt,Fly 0 (Male),0.2,9673,9678,05:22,05:23
WingExt,Fly 0 (Male),0.267,9688,9695,05:23,05:23
WingExt,Fly 1 (Female),0.1,9708,9710,05:24,05:24
WingExt,Fly 0 (Male),0.133,9717,9720,05:24,05:24
WingExt,Fly 1 (Female),0.1,9741,9743,05:25,05:25
WingExt,Fly 0 (Male),0.1,9752,9754,05:25,05:25
WingExt,Fly 0 (Male),0.1,9759,9761,05:25,05:25
WingExt,Fly 1 (Female),0.1,9775,9777,05:26,05:26
WingExt,Fly 0 (Male),0.133,9778,9781,05:26,05:26
WingExt,Fly 1 (Female),0.133,9782,9785,05:26,05:26
WingExt,Fly 0 (Male),0.1,9802,9804,05:27,05:27
WingExt,Fly 1 (Female),0.167,9806,9810,05:27,05:27
WingExt,Fly 0 (Male),0.1,9821,9823,05:27,05:27
WingExt,Fly 0 (Male),0.2,9851,9856,05:28,05:29
WingExt,Fly 1 (Female),0.1,9856,9858,05:29,05:29
WingExt,Fly 0 (Male),0.2,9860,9865,05:29,05:29
WingExt,Fly 0 (Male),0.167,9873,9877,05:29,05:29
WingExt,Fly 1 (Female),0.3,9881,9889,05:29,05:30
WingExt,Fly 0 (Male),0.2,9883,9888,05:29,05:30
WingExt,Fly 1 (Female),0.167,9908,9912,05:30,05:30
WingExt,Fly 1 (Female),0.1,9914,9916,05:30,05:31
WingExt,Fly 1 (Female),0.233,9929,9935,05:31,05:31
Circling,Fly 0 (Male),0.4,9929,9940,05:31,05:31
Circling,Fly 1 (Female),0.333,9930,9939,05:31,05:31
WingExt,Fly 1 (Female),0.133,9937,9940,05:31,05:31
WingExt,Fly 1 (Female),0.2,9949,9954,05:32,05:32
WingExt,Fly 0 (Male),0.133,9969,9972,05:32,05:32
WingExt,Fly 0 (Male),0.1,9981,9983,05:33,05:33
WingExt,Fly 1 (Female),0.167,9984,9988,05:33,05:33
WingExt,Fly 0 (Male),0.1,9986,9988,05:33,05:33
WingExt,Fly 0 (Male),0.1,10013,10015,05:34,05:34
WingExt,Fly 1 (Female),0.1,10017,10019,05:34,05:34
WingExt,Fly 0 (Male),0.267,10022,10029,05:34,05:34
Circling,Fly 1 (Female),0.3,10037,10045,05:35,05:35
WingExt,Fly 0 (Male),0.167,10043,10047,05:35,05:35
Circling,Fly 1 (Female),0.5,10047,10061,05:35,05:35
WingExt,Fly 0 (Male),0.2,10071,10076,05:36,05:36
WingExt,Fly 0 (Male),0.1,10081,10083,05:36,05:36
WingExt,Fly 1 (Female),0.1,10097,10099,05:37,05:37
WingExt,Fly 0 (Male),0.1,10101,10103,05:37,05:37
Circling,Fly 0 (Male),0.4,10114,10125,05:37,05:38
WingExt,Fly 0 (Male),0.1,10128,10130,05:38,05:38
WingExt,Fly 0 (Male),0.167,10160,10164,05:39,05:39
Circling,Fly 0 (Male),0.367,10173,10183,05:39,05:39
WingExt,Fly 0 (Male),0.3,10194,10202,05:40,05:40
Circling,Fly 0 (Male),0.6,10223,10240,05:41,05:41
Circling,Fly 1 (Female),0.467,10224,10237,05:41,05:41
WingExt,Fly 0 (Male),0.133,10244,10247,05:41,05:42
WingExt,Fly 1 (Female),0.1,10248,10250,05:42,05:42
WingExt,Fly 1 (Female),0.1,10253,10255,05:42,05:42
WingExt,Fly 0 (Male),0.2,10257,10262,05:42,05:42
WingExt,Fly 1 (Female),0.167,10258,10262,05:42,05:42
WingExt,Fly 1 (Female),0.1,10264,10266,05:42,05:42
WingExt,Fly 0 (Male),0.133,10266,10269,05:42,05:42
WingExt,Fly 1 (Female),0.1,10279,10281,05:43,05:43
WingExt,Fly 0 (Male),0.1,10289,10291,05:43,05:43
WingExt,Fly 1 (Female),0.1,10304,10306,05:43,05:44
WingExt,Fly 0 (Male),0.3,10326,10334,05:44,05:44
WingExt,Fly 1 (Female),0.167,10329,10333,05:44,05:44
WingExt,Fly 1 (Female),0.1,10339,10341,05:45,05:45
WingExt,Fly 0 (Male),0.1,10340,10342,05:45,05:45
WingExt,Fly 1 (Female),0.133,10343,10346,05:45,05:45
WingExt,Fly 0 (Male),0.133,10364,10367,05:45,05:46
WingExt,Fly 0 (Male),0.1,10378,10380,05:46,05:46
WingExt,Fly 0 (Male),0.2,10383,10388,05:46,05:46
WingExt,Fly 1 (Female),0.133,10389,10392,05:46,05:46
WingExt,Fly 0 (Male),0.1,10444,10446,05:48,05:48
WingExt,Fly 0 (Male),0.167,10455,10459,05:48,05:49
WingExt,Fly 1 (Female),0.2,10456,10461,05:49,05:49
WingExt,Fly 1 (Female),0.1,10481,10483,05:49,05:49
WingExt,Fly 0 (Male),0.1,10482,10484,05:49,05:49
WingExt,Fly 1 (Female),0.133,10485,10488,05:50,05:50
WingExt,Fly 1 (Female),0.1,10490,10492,05:50,05:50
WingExt,Fly 1 (Female),0.1,10494,10496,05:50,05:50
WingExt,Fly 1 (Female),0.133,10504,10507,05:50,05:50
WingExt,Fly 1 (Female),0.1,10521,10523,05:51,05:51
WingExt,Fly 0 (Male),0.3,10535,10543,05:51,05:51
WingExt,Fly 1 (Female),0.2,10546,10551,05:52,05:52
WingExt,Fly 0 (Male),0.2,10549,10554,05:52,05:52
WingExt,Fly 0 (Male),0.1,10578,10580,05:53,05:53
WingExt,Fly 0 (Male),0.167,10593,10597,05:53,05:53
WingExt,Fly 0 (Male),0.1,10640,10642,05:55,05:55
WingExt,Fly 0 (Male),0.1,10668,10670,05:56,05:56
WingExt,Fly 0 (Male),0.133,10674,10677,05:56,05:56
WingExt,Fly 0 (Male),0.133,10702,10705,05:57,05:57
WingExt,Fly 0 (Male),0.167,10708,10712,05:57,05:57
WingExt,Fly 1 (Female),0.233,10711,10717,05:57,05:57
WingExt,Fly 1 (Female),0.1,10719,10721,05:57,05:57
WingExt,Fly 1 (Female),0.1,10827,10829,06:01,06:01
WingExt,Fly 1 (Female),0.233,10831,10837,06:01,06:01
WingExt,Fly 0 (Male),0.267,10922,10929,06:04,06:04
WingExt,Fly 1 (Female),0.133,10947,10950,06:05,06:05
WingExt,Fly 0 (Male),0.1,10972,10974,06:06,06:06
WingExt,Fly 0 (Male),0.167,11031,11035,06:08,06:08
WingExt,Fly 1 (Female),0.167,11044,11048,06:08,06:08
WingExt,Fly 0 (Male),0.167,11048,11052,06:08,06:08
WingExt,Fly 1 (Female),0.1,11050,11052,06:08,06:08
WingExt,Fly 1 (Female),0.1,11058,11060,06:09,06:09
WingExt,Fly 0 (Male),0.4,11060,11071,06:09,06:09
WingExt,Fly 1 (Female),0.233,11072,11078,06:09,06:09
WingExt,Fly 0 (Male),0.133,11078,11081,06:09,06:09
WingExt,Fly 1 (Female),0.1,11082,11084,06:09,06:09
WingExt,Fly 1 (Female),0.133,11115,11118,06:10,06:11
WingExt,Fly 0 (Male),0.2,11145,11150,06:12,06:12
WingExt,Fly 0 (Male),0.1,11152,11154,06:12,06:12
WingExt,Fly 1 (Female),0.2,11238,11243,06:15,06:15
WingExt,Fly 0 (Male),0.2,11244,11249,06:15,06:15
WingExt,Fly 0 (Male),0.1,11373,11375,06:19,06:19
WingExt,Fly 1 (Female),0.133,11375,11378,06:19,06:19
WingExt,Fly 0 (Male),0.167,11386,11390,06:20,06:20
WingExt,Fly 1 (Female),0.1,11400,11402,06:20,06:20
WingExt,Fly 0 (Male),0.133,11413,11416,06:20,06:21
WingExt,Fly 1 (Female),0.1,11577,11579,06:26,06:26
WingExt,Fly 1 (Female),0.233,11586,11592,06:26,06:26
WingExt,Fly 1 (Female),0.1,11601,11603,06:27,06:27
WingExt,Fly 0 (Male),0.1,11604,11606,06:27,06:27
WingExt,Fly 1 (Female),0.1,11645,11647,06:28,06:28
WingExt,Fly 1 (Female),0.267,11649,11656,06:28,06:29
WingExt,Fly 0 (Male),0.1,11656,11658,06:29,06:29
WingExt,Fly 0 (Male),0.167,11665,11669,06:29,06:29
WingExt,Fly 1 (Female),0.1,11665,11667,06:29,06:29
WingExt,Fly 1 (Female),0.133,11669,11672,06:29,06:29
WingExt,Fly 1 (Female),0.133,11776,11779,06:33,06:33
WingExt,Fly 0 (Male),0.1,11792,11794,06:33,06:33
WingExt,Fly 0 (Male),0.233,11999,12005,06:40,06:40
WingExt,Fly 1 (Female),0.167,12025,12029,06:41,06:41
WingExt,Fly 0 (Male),0.167,12046,12050,06:42,06:42
WingExt,Fly 0 (Male),0.133,12068,12071,06:42,06:42
WingExt,Fly 0 (Male),0.1,12114,12116,06:44,06:44
WingExt,Fly 0 (Male),0.1,12120,12122,06:44,06:44
WingExt,Fly 0 (Male),0.133,12163,12166,06:45,06:46
WingExt,Fly 0 (Male),0.1,12244,12246,06:48,06:48
WingExt,Fly 1 (Female),0.1,12248,12250,06:48,06:48
WingExt,Fly 1 (Female),0.1,12269,12271,06:49,06:49
WingExt,Fly 1 (Female),0.233,12293,12299,06:50,06:50
WingExt,Fly 0 (Male),0.3,12308,12316,06:50,06:51
WingExt,Fly 1 (Female),0.1,12323,12325,06:51,06:51
WingExt,Fly 0 (Male),0.167,12410,12414,06:54,06:54
WingExt,Fly 0 (Male),0.233,12448,12454,06:55,06:55
WingExt,Fly 1 (Female),0.133,12454,12457,06:55,06:55
WingExt,Fly 0 (Male),0.133,12456,12459,06:55,06:55
WingExt,Fly 0 (Male),0.1,12467,12469,06:56,06:56
WingExt,Fly 0 (Male),0.1,12507,12509,06:57,06:57
WingExt,Fly 0 (Male),0.1,12524,12526,06:57,06:58
WingExt,Fly 1 (Female),0.133,12532,12535,06:58,06:58
WingExt,Fly 0 (Male),0.133,12547,12550,06:58,06:58
WingExt,Fly 0 (Male),0.1,12594,12596,07:00,07:00
WingExt,Fly 1 (Female),0.2,12595,12600,07:00,07:00
WingExt,Fly 0 (Male),0.1,12602,12604,07:00,07:00
WingExt,Fly 0 (Male),0.133,12606,12609,07:00,07:00
WingExt,Fly 1 (Female),0.167,12673,12677,07:02,07:03
WingExt,Fly 1 (Female),0.1,12694,12696,07:03,07:03
WingExt,Fly 0 (Male),0.1,12712,12714,07:04,07:04
WingExt,Fly 1 (Female),0.1,12743,12745,07:05,07:05
WingExt,Fly 1 (Female),0.1,12755,12757,07:05,07:05
Circling,Fly 1 (Female),0.3,12775,12783,07:06,07:06
WingExt,Fly 0 (Male),0.167,12844,12848,07:08,07:08
WingExt,Fly 1 (Female),0.133,12844,12847,07:08,07:08
WingExt,Fly 1 (Female),0.133,12877,12880,07:09,07:09
WingExt,Fly 0 (Male),0.133,12891,12894,07:10,07:10
WingExt,Fly 0 (Male),0.1,12900,12902,07:10,07:10
WingExt,Fly 1 (Female),0.167,12907,12911,07:10,07:10
WingExt,Fly 0 (Male),0.333,12919,12928,07:11,07:11
WingExt,Fly 1 (Female),0.133,12919,12922,07:11,07:11
WingExt,Fly 1 (Female),0.1,12925,12927,07:11,07:11
WingExt,Fly 0 (Male),0.1,12964,12966,07:12,07:12
WingExt,Fly 0 (Male),0.1,12968,12970,07:12,07:12
WingExt,Fly 0 (Male),0.1,13196,13198,07:20,07:20
WingExt,Fly 0 (Male),0.133,13266,13269,07:22,07:22
WingExt,Fly 1 (Female),0.167,13270,13274,07:22,07:22
WingExt,Fly 1 (Female),0.2,13320,13325,07:24,07:24
WingExt,Fly 0 (Male),0.1,13325,13327,07:24,07:24
WingExt,Fly 1 (Female),0.1,13338,13340,07:25,07:25
WingExt,Fly 0 (Male),0.1,13347,13349,07:25,07:25
WingExt,Fly 0 (Male),0.133,13354,13357,07:25,07:25
WingExt,Fly 0 (Male),0.1,13362,13364,07:25,07:25
WingExt,Fly 0 (Male),0.133,13368,13371,07:26,07:26
WingExt,Fly 0 (Male),0.1,13419,13421,07:27,07:27
WingExt,Fly 0 (Male),0.1,13610,13612,07:34,07:34
WingExt,Fly 0 (Male),0.1,13653,13655,07:35,07:35
WingExt,Fly 1 (Female),0.133,13656,13659,07:35,07:35
WingExt,Fly 0 (Male),0.167,13693,13697,07:36,07:37
WingExt,Fly 1 (Female),0.133,13697,13700,07:37,07:37
WingExt,Fly 0 (Male),0.2,13701,13706,07:37,07:37
WingExt,Fly 0 (Male),0.133,13719,13722,07:37,07:37
WingExt,Fly 0 (Male),0.1,13728,13730,07:38,07:38
WingExt,Fly 0 (Male),0.133,13755,13758,07:38,07:39
WingExt,Fly 1 (Female),0.333,13759,13768,07:39,07:39
WingExt,Fly 0 (Male),0.2,13765,13770,07:39,07:39
WingExt,Fly 1 (Female),0.133,13770,13773,07:39,07:39
WingExt,Fly 0 (Male),0.267,13772,13779,07:39,07:39
WingExt,Fly 1 (Female),0.167,13775,13779,07:39,07:39
WingExt,Fly 0 (Male),0.1,13782,13784,07:39,07:39
WingExt,Fly 1 (Female),0.367,13789,13799,07:40,07:40
Attempted_Copulation,Fly 1 (Female),0.2,13803,13808,07:40,07:40
WingExt,Fly 0 (Male),0.267,13811,13818,07:40,07:41
WingExt,Fly 1 (Female),0.333,13821,13830,07:41,07:41
WingExt,Fly 1 (Female),0.233,13843,13849,07:41,07:42
WingExt,Fly 0 (Male),0.1,13845,13847,07:42,07:42
WingExt,Fly 0 (Male),0.1,13849,13851,07:42,07:42
WingExt,Fly 1 (Female),0.167,13851,13855,07:42,07:42
WingExt,Fly 0 (Male),0.133,13858,13861,07:42,07:42
WingExt,Fly 0 (Male),0.2,13865,13870,07:42,07:42
WingExt,Fly 1 (Female),0.1,13867,13869,07:42,07:42
WingExt,Fly 0 (Male),0.1,13878,13880,07:43,07:43
WingExt,Fly 1 (Female),0.1,13879,13881,07:43,07:43
WingExt,Fly 0 (Male),0.1,13883,13885,07:43,07:43
WingExt,Fly 1 (Female),0.1,13885,13887,07:43,07:43
WingExt,Fly 0 (Male),0.1,13890,13892,07:43,07:43
WingExt,Fly 0 (Male),0.1,13894,13896,07:43,07:43
WingExt,Fly 0 (Male),0.167,13983,13987,07:46,07:46
WingExt,Fly 0 (Male),0.1,14038,14040,07:48,07:48
WingExt,Fly 1 (Female),0.1,14038,14040,07:48,07:48
WingExt,Fly 0 (Male),0.133,14079,14082,07:49,07:49
WingExt,Fly 0 (Male),0.367,14095,14105,07:50,07:50
WingExt,Fly 0 (Male),0.333,14108,14117,07:50,07:51
WingExt,Fly 1 (Female),0.133,14120,14123,07:51,07:51
WingExt,Fly 0 (Male),0.133,14123,14126,07:51,07:51
WingExt,Fly 1 (Female),0.167,14130,14134,07:51,07:51
WingExt,Fly 1 (Female),0.167,14151,14155,07:52,07:52
WingExt,Fly 0 (Male),0.133,14165,14168,07:52,07:52
WingExt,Fly 1 (Female),0.133,14168,14171,07:52,07:52
WingExt,Fly 0 (Male),0.1,14184,14186,07:53,07:53
WingExt,Fly 1 (Female),0.1,14196,14198,07:53,07:53
WingExt,Fly 1 (Female),0.1,14206,14208,07:54,07:54
WingExt,Fly 0 (Male),0.1,14210,14212,07:54,07:54
WingExt,Fly 0 (Male),0.1,14226,14228,07:54,07:54
WingExt,Fly 1 (Female),0.3,14235,14243,07:54,07:55
WingExt,Fly 1 (Female),0.1,14252,14254,07:55,07:55
WingExt,Fly 1 (Female),0.333,14256,14265,07:55,07:56
WingExt,Fly 1 (Female),0.1,14267,14269,07:56,07:56
WingExt,Fly 0 (Male),0.1,14269,14271,07:56,07:56
WingExt,Fly 0 (Male),0.1,14289,14291,07:56,07:56
WingExt,Fly 1 (Female),0.167,14291,14295,07:56,07:56
WingExt,Fly 1 (Female),0.167,14311,14315,07:57,07:57
WingExt,Fly 1 (Female),0.133,14327,14330,07:58,07:58
WingExt,Fly 1 (Female),0.3,14342,14350,07:58,07:58
WingExt,Fly 0 (Male),0.1,14395,14397,08:00,08:00
WingExt,Fly 1 (Female),0.1,14398,14400,08:00,08:00
WingExt,Fly 0 (Male),0.1,14438,14440,08:01,08:01
WingExt,Fly 0 (Male),0.167,14445,14449,08:02,08:02
WingExt,Fly 1 (Female),0.3,14448,14456,08:02,08:02
WingExt,Fly 0 (Male),0.133,14453,14456,08:02,08:02
WingExt,Fly 0 (Male),0.167,14472,14476,08:02,08:03
WingExt,Fly 1 (Female),0.267,14472,14479,08:02,08:03
WingExt,Fly 0 (Male),0.1,14483,14485,08:03,08:03
WingExt,Fly 0 (Male),0.167,14497,14501,08:03,08:03
WingExt,Fly 1 (Female),0.133,14499,14502,08:03,08:03
WingExt,Fly 0 (Male),0.167,14516,14520,08:04,08:04
WingExt,Fly 1 (Female),0.367,14517,14527,08:04,08:04
WingExt,Fly 0 (Male),0.167,14526,14530,08:04,08:04
WingExt,Fly 1 (Female),0.1,14543,14545,08:05,08:05
WingExt,Fly 0 (Male),0.1,14551,14553,08:05,08:05
WingExt,Fly 0 (Male),0.1,14555,14557,08:05,08:05
WingExt,Fly 1 (Female),0.133,14556,14559,08:05,08:05
WingExt,Fly 0 (Male),0.2,14625,14630,08:08,08:08
WingExt,Fly 1 (Female),0.1,14705,14707,08:10,08:10
WingExt,Fly 0 (Male),0.2,14761,14766,08:12,08:12
WingExt,Fly 0 (Male),0.133,14824,14827,08:14,08:14
WingExt,Fly 0 (Male),0.133,14866,14869,08:16,08:16
WingExt,Fly 0 (Male),0.133,14902,14905,08:17,08:17
WingExt,Fly 1 (Female),0.167,14905,14909,08:17,08:17
WingExt,Fly 1 (Female),0.167,14915,14919,08:17,08:17
WingExt,Fly 1 (Female),0.167,14933,14937,08:18,08:18
WingExt,Fly 0 (Male),0.1,14940,14942,08:18,08:18
WingExt,Fly 0 (Male),0.133,14944,14947,08:18,08:18
WingExt,Fly 0 (Male),0.1,14998,15000,08:20,08:20
WingExt,Fly 1 (Female),0.1,15005,15007,08:20,08:20
WingExt,Fly 0 (Male),0.1,15013,15015,08:20,08:20
WingExt,Fly 1 (Female),0.1,15070,15072,08:22,08:22
WingExt,Fly 0 (Male),0.1,15100,15102,08:23,08:23
WingExt,Fly 0 (Male),0.133,15141,15144,08:25,08:25
WingExt,Fly 0 (Male),0.1,15174,15176,08:26,08:26
WingExt,Fly 0 (Male),0.233,15230,15236,08:28,08:28
WingExt,Fly 1 (Female),0.133,15235,15238,08:28,08:28
WingExt,Fly 1 (Female),0.233,15268,15274,08:29,08:29
WingExt,Fly 0 (Male),0.167,15271,15275,08:29,08:29
WingExt,Fly 1 (Female),0.233,15328,15334,08:31,08:31
WingExt,Fly 1 (Female),0.2,15347,15352,08:32,08:32
WingExt,Fly 0 (Male),0.167,15355,15359,08:32,08:32
WingExt,Fly 1 (Female),0.1,15359,15361,08:32,08:32
WingExt,Fly 0 (Male),0.1,15363,15365,08:32,08:32
WingExt,Fly 0 (Male),0.1,15696,15698,08:43,08:43
WingExt,Fly 0 (Male),0.133,15711,15714,08:44,08:44
WingExt,Fly 1 (Female),0.1,15715,15717,08:44,08:44
WingExt,Fly 0 (Male),0.1,16774,16776,09:19,09:19
WingExt,Fly 0 (Male),0.133,17199,17202,09:33,09:33
WingExt,Fly 0 (Male),0.133,17223,17226,09:34,09:34
WingExt,Fly 0 (Male),0.2,17237,17242,09:35,09:35
WingExt,Fly 1 (Female),0.167,17243,17247,09:35,09:35
WingExt,Fly 0 (Male),0.1,17322,17324,09:37,09:37
WingExt,Fly 0 (Male),0.267,17362,17369,09:39,09:39
WingExt,Fly 1 (Female),0.133,17369,17372,09:39,09:39
WingExt,Fly 1 (Female),0.2,17384,17389,09:39,09:40
WingExt,Fly 0 (Male),0.1,17389,17391,09:40,09:40
WingExt,Fly 0 (Male),0.2,17422,17427,09:41,09:41
WingExt,Fly 0 (Male),0.1,17429,17431,09:41,09:41
WingExt,Fly 1 (Female),0.167,17446,17450,09:42,09:42
WingExt,Fly 0 (Male),0.167,17455,17459,09:42,09:42
WingExt,Fly 0 (Male),0.167,17464,17468,09:42,09:42
WingExt,Fly 1 (Female),0.133,17470,17473,09:42,09:42
Attempted_Copulation,Fly 1 (Female),0.233,17471,17477,09:42,09:43
WingExt,Fly 0 (Male),0.533,17472,17487,09:42,09:43
WingExt,Fly 1 (Female),0.1,17476,17478,09:43,09:43
WingExt,Fly 0 (Male),0.167,17491,17495,09:43,09:43
WingExt,Fly 0 (Male),0.1,17498,17500,09:43,09:43
WingExt,Fly 0 (Male),0.1,17527,17529,09:44,09:44
WingExt,Fly 0 (Male),0.133,17535,17538,09:44,09:45
WingExt,Fly 1 (Female),0.2,17536,17541,09:45,09:45
Attempted_Copulation,Fly 0 (Male),0.367,17537,17547,09:45,09:45
WingExt,Fly 0 (Male),0.267,17541,17548,09:45,09:45
WingExt,Fly 1 (Female),0.167,17543,17547,09:45,09:45
WingExt,Fly 1 (Female),0.133,17580,17583,09:46,09:46
WingExt,Fly 0 (Male),0.133,17584,17587,09:46,09:46
WingExt,Fly 0 (Male),0.1,17608,17610,09:47,09:47
WingExt,Fly 0 (Male),0.167,17616,17620,09:47,09:47
WingExt,Fly 1 (Female),0.167,17638,17642,09:48,09:48
WingExt,Fly 0 (Male),0.667,17658,17677,09:49,09:49
WingExt,Fly 0 (Male),0.2,17683,17688,09:49,09:50
WingExt,Fly 0 (Male),0.1,17757,17759,09:52,09:52
WingExt,Fly 0 (Male),0.1,17767,17769,09:52,09:52
WingExt,Fly 0 (Male),0.2,17778,17783,09:53,09:53
WingExt,Fly 1 (Female),0.1,17779,17781,09:53,09:53
WingExt,Fly 1 (Female),0.133,17799,17802,09:53,09:53
WingExt,Fly 1 (Female),0.1,17814,17816,09:54,09:54
WingExt,Fly 1 (Female),0.167,17823,17827,09:54,09:54
WingExt,Fly 1 (Female),0.167,17830,17834,09:54,09:54
WingExt,Fly 0 (Male),0.1,17832,17834,09:54,09:54
WingExt,Fly 0 (Male),0.1,17838,17840,09:55,09:55
WingExt,Fly 1 (Female),0.167,17839,17843,09:55,09:55
WingExt,Fly 1 (Female),0.133,17847,17850,09:55,09:55
WingExt,Fly 0 (Male),0.133,17853,17856,09:55,09:55
WingExt,Fly 1 (Female),0.1,17909,17911,09:57,09:57
WingExt,Fly 0 (Male),0.1,17913,17915,09:57,09:57
WingExt,Fly 0 (Male),0.1,17921,17923,09:57,09:57
WingExt,Fly 0 (Male),0.433,18078,18090,10:03,10:03
WingExt,Fly 0 (Male),0.233,18227,18233,10:08,10:08
WingExt,Fly 0 (Male),0.1,18235,18237,10:08,10:08
WingExt,Fly 0 (Male),0.367,18250,18260,10:08,10:09
WingExt,Fly 1 (Female),0.1,18406,18408,10:14,10:14
WingExt,Fly 0 (Male),0.1,18438,18440,10:15,10:15
WingExt,Fly 0 (Male),0.2,18446,18451,10:15,10:15
WingExt,Fly 0 (Male),0.167,18467,18471,10:16,10:16
WingExt,Fly 1 (Female),0.1,18490,18492,10:16,10:16
WingExt,Fly 1 (Female),0.1,18498,18500,10:17,10:17
WingExt,Fly 0 (Male),0.167,18502,18506,10:17,10:17
WingExt,Fly 0 (Male),0.1,18538,18540,10:18,10:18
WingExt,Fly 0 (Male),0.133,18552,18555,10:18,10:18
WingExt,Fly 1 (Female),0.133,18564,18567,10:19,10:19
WingExt,Fly 0 (Male),0.133,18574,18577,10:19,10:19
WingExt,Fly 0 (Male),0.167,18579,18583,10:19,10:19
WingExt,Fly 0 (Male),0.1,18660,18662,10:22,10:22
WingExt,Fly 1 (Female),0.1,18662,18664,10:22,10:22
WingExt,Fly 0 (Male),0.2,18664,18669,10:22,10:22
WingExt,Fly 1 (Female),0.1,19166,19168,10:39,10:39
WingExt,Fly 0 (Male),0.167,19172,19176,10:39,10:39
WingExt,Fly 1 (Female),0.1,19197,19199,10:40,10:40
WingExt,Fly 1 (Female),0.167,19208,19212,10:40,10:40
WingExt,Fly 0 (Male),0.1,19210,19212,10:40,10:40
WingExt,Fly 0 (Male),0.133,19215,19218,10:40,10:41
WingExt,Fly 0 (Male),0.1,19220,19222,10:41,10:41
WingExt,Fly 0 (Male),0.133,19296,19299,10:43,10:43
WingExt,Fly 1 (Female),0.1,19337,19339,10:45,10:45
WingExt,Fly 0 (Male),0.1,19360,19362,10:45,10:45
WingExt,Fly 0 (Male),0.167,19370,19374,10:46,10:46
WingExt,Fly 1 (Female),0.2,19412,19417,10:47,10:47
WingExt,Fly 0 (Male),0.167,19442,19446,10:48,10:48
WingExt,Fly 1 (Female),0.133,19458,19461,10:49,10:49
WingExt,Fly 0 (Male),0.1,19464,19466,10:49,10:49
WingExt,Fly 0 (Male),0.233,19468,19474,10:49,10:49
WingExt,Fly 1 (Female),0.1,19662,19664,10:55,10:55
WingExt,Fly 1 (Female),0.1,19671,19673,10:56,10:56
WingExt,Fly 0 (Male),0.133,19673,19676,10:56,10:56
WingExt,Fly 1 (Female),0.2,19681,19686,10:56,10:56
WingExt,Fly 1 (Female),0.133,19918,19921,11:04,11:04
WingExt,Fly 1 (Female),0.133,19929,19932,11:04,11:04
WingExt,Fly 0 (Male),0.1,19937,19939,11:05,11:05
WingExt,Fly 0 (Male),0.1,19948,19950,11:05,11:05
WingExt,Fly 1 (Female),0.133,19956,19959,11:05,11:05
WingExt,Fly 0 (Male),0.3,19959,19967,11:05,11:06
WingExt,Fly 1 (Female),0.2,19967,19972,11:06,11:06
WingExt,Fly 0 (Male),0.1,19969,19971,11:06,11:06
WingExt,Fly 0 (Male),0.1,19980,19982,11:06,11:06
WingExt,Fly 0 (Male),0.167,19991,19995,11:06,11:06
WingExt,Fly 0 (Male),0.1,20008,20010,11:07,11:07
WingExt,Fly 1 (Female),0.1,20012,20014,11:07,11:07
WingExt,Fly 1 (Female),0.133,20020,20023,11:07,11:07
WingExt,Fly 1 (Female),0.133,20035,20038,11:08,11:08
WingExt,Fly 0 (Male),0.1,20044,20046,11:08,11:08
WingExt,Fly 0 (Male),0.133,20140,20143,11:11,11:11
WingExt,Fly 0 (Male),0.1,20154,20156,11:12,11:12
WingExt,Fly 0 (Male),0.133,20160,20163,11:12,11:12
WingExt,Fly 0 (Male),0.1,20170,20172,11:12,11:12
WingExt,Fly 0 (Male),0.1,20179,20181,11:13,11:13
WingExt,Fly 0 (Male),0.1,20189,20191,11:13,11:13
WingExt,Fly 0 (Male),0.167,20588,20592,11:26,11:26
WingExt,Fly 1 (Female),0.1,20595,20597,11:26,11:27
WingExt,Fly 0 (Male),0.1,20601,20603,11:27,11:27
WingExt,Fly 0 (Male),0.133,20605,20608,11:27,11:27
WingExt,Fly 0 (Male),0.167,20610,20614,11:27,11:27
WingExt,Fly 0 (Male),0.133,20618,20621,11:27,11:27
WingExt,Fly 0 (Male),0.133,20623,20626,11:27,11:28
WingExt,Fly 0 (Male),0.1,20659,20661,11:29,11:29
WingExt,Fly 0 (Male),0.267,20668,20675,11:29,11:29
WingExt,Fly 0 (Male),0.1,20762,20764,11:32,11:32
WingExt,Fly 0 (Male),0.2,20766,20771,11:32,11:32
WingExt,Fly 0 (Male),0.367,20780,20790,11:33,11:33
WingExt,Fly 1 (Female),0.133,20781,20784,11:33,11:33
WingExt,Fly 1 (Female),0.133,20786,20789,11:33,11:33
WingExt,Fly 0 (Male),0.233,20827,20833,11:34,11:34
WingExt,Fly 1 (Female),0.1,20855,20857,11:35,11:35
WingExt,Fly 0 (Male),0.1,20862,20864,11:35,11:35
WingExt,Fly 1 (Female),0.133,20884,20887,11:36,11:36
WingExt,Fly 0 (Male),0.133,20917,20920,11:37,11:37
